{"cameraMode":{"drawMode":0,"name":"Shaded","section":"Shading Mode"},"sceneLighting":true,"audioPlay":false,"sceneViewState":{"showFog":true,"showMaterialUpdate":false,"showSkybox":true,"showFlares":true,"showImageEffects":true,"showParticleSystems":true},"in2DMode":false,"pivot":{"x":1.339241623878479,"y":8.410143852233887,"z":1.3368592262268067},"rotation":{"x":0.26052653789520266,"y":-0.11494369804859162,"z":0.03125398978590965,"w":0.9581027626991272},"size":5.645053863525391,"orthographic":false}