{"cameraMode":{"drawMode":0,"name":"Shaded","section":"Shading Mode"},"sceneLighting":true,"audioPlay":false,"sceneViewState":{"showFog":true,"showMaterialUpdate":false,"showSkybox":true,"showFlares":true,"showImageEffects":true,"showParticleSystems":true},"in2DMode":false,"pivot":{"x":-0.3802233934402466,"y":-0.34351253509521487,"z":10.094245910644532},"rotation":{"x":0.21553181111812592,"y":-0.0702425017952919,"z":0.015545900911092759,"w":0.973844051361084},"size":4.718031406402588,"orthographic":false}