{"cameraMode":{"drawMode":0,"name":"Shaded","section":"Shading Mode"},"sceneLighting":true,"audioPlay":false,"sceneViewState":{"showFog":true,"showMaterialUpdate":false,"showSkybox":true,"showFlares":true,"showImageEffects":true,"showParticleSystems":true},"in2DMode":false,"pivot":{"x":-1.2711448669433594,"y":-5.777057647705078,"z":8.04800796508789},"rotation":{"x":0.3055986166000366,"y":-0.2360532283782959,"z":0.07848641276359558,"w":0.9190946817398071},"size":10.3516845703125,"orthographic":false}