{"cameraMode":{"drawMode":0,"name":"Shaded","section":"Shading Mode"},"sceneLighting":true,"audioPlay":false,"sceneViewState":{"showFog":true,"showMaterialUpdate":false,"showSkybox":true,"showFlares":true,"showImageEffects":true,"showParticleSystems":true},"in2DMode":false,"pivot":{"x":0.5375521183013916,"y":-0.07568386197090149,"z":10.266247749328614},"rotation":{"x":0.35380369424819949,"y":-0.16239018738269807,"z":0.06251746416091919,"w":0.9189949631690979},"size":2.6425130367279054,"orthographic":false}