{"cameraMode":{"drawMode":0,"name":"Shaded","section":"Shading Mode"},"sceneLighting":true,"audioPlay":false,"sceneViewState":{"showFog":true,"showMaterialUpdate":false,"showSkybox":true,"showFlares":true,"showImageEffects":true,"showParticleSystems":true},"in2DMode":false,"pivot":{"x":245.130859375,"y":271.0141906738281,"z":-16.37322998046875},"rotation":{"x":-0.06295827776193619,"y":-0.002698805881664157,"z":0.00017002559616230428,"w":-0.9980145692825317},"size":246.32936096191407,"orthographic":false}