{"cameraMode":{"drawMode":0,"name":"Shaded","section":"Shading Mode"},"sceneLighting":true,"audioPlay":false,"sceneViewState":{"showFog":true,"showMaterialUpdate":false,"showSkybox":true,"showFlares":true,"showImageEffects":true,"showParticleSystems":true},"in2DMode":false,"pivot":{"x":3.1108365058898927,"y":-1.7042007446289063,"z":3.951016664505005},"rotation":{"x":0.275721937417984,"y":0.5491461157798767,"z":-0.19832269847393037,"w":0.763720691204071},"size":6.6140336990356449,"orthographic":false}