{"cameraMode":{"drawMode":0,"name":"Shaded","section":"Shading Mode"},"sceneLighting":true,"audioPlay":false,"sceneViewState":{"showFog":true,"showMaterialUpdate":false,"showSkybox":true,"showFlares":true,"showImageEffects":true,"showParticleSystems":true},"in2DMode":false,"pivot":{"x":-1.7793331146240235,"y":0.3093888759613037,"z":4.13382625579834},"rotation":{"x":0.13605795800685883,"y":-0.3888907730579376,"z":0.05815599113702774,"w":0.9094167947769165},"size":5.947969436645508,"orthographic":false}