{"cameraMode":{"drawMode":0,"name":"Shaded","section":"Shading Mode"},"sceneLighting":true,"audioPlay":false,"sceneViewState":{"showFog":true,"showMaterialUpdate":false,"showSkybox":true,"showFlares":true,"showImageEffects":true,"showParticleSystems":true},"in2DMode":false,"pivot":{"x":0.6274175643920898,"y":0.430317759513855,"z":10.970102310180664},"rotation":{"x":0.03298618271946907,"y":0.02158798649907112,"z":-0.0007159108645282686,"w":0.9992324709892273},"size":9.058174133300782,"orthographic":false}