{"cameraMode":{"drawMode":0,"name":"Shaded","section":"Shading Mode"},"sceneLighting":true,"audioPlay":false,"sceneViewState":{"showFog":true,"showMaterialUpdate":false,"showSkybox":true,"showFlares":true,"showImageEffects":true,"showParticleSystems":true},"in2DMode":false,"pivot":{"x":-6.423196792602539,"y":0.7521747946739197,"z":9.506010055541993},"rotation":{"x":0.018516529351472856,"y":-0.31347012519836428,"z":0.00610925629734993,"w":0.9494231939315796},"size":7.170843124389648,"orthographic":false}