{"cameraMode":{"drawMode":0,"name":"Shaded","section":"Shading Mode"},"sceneLighting":true,"audioPlay":false,"sceneViewState":{"showFog":true,"showMaterialUpdate":false,"showSkybox":true,"showFlares":true,"showImageEffects":true,"showParticleSystems":true},"in2DMode":false,"pivot":{"x":-3.0820956230163576,"y":1.0147786140441895,"z":6.919478416442871},"rotation":{"x":-0.17553353309631349,"y":0.259437620639801,"z":-0.04804519563913345,"w":-0.948518693447113},"size":9.971367835998536,"orthographic":false}