{"cameraMode":{"drawMode":0,"name":"Shaded","section":"Shading Mode"},"sceneLighting":true,"audioPlay":false,"sceneViewState":{"showFog":true,"showMaterialUpdate":false,"showSkybox":true,"showFlares":true,"showImageEffects":true,"showParticleSystems":true},"in2DMode":false,"pivot":{"x":8.690136909484864,"y":5.185390472412109,"z":1.0534863471984864},"rotation":{"x":0.22815226018428803,"y":-0.17357897758483888,"z":0.041371528059244159,"w":0.9571479558944702},"size":1.316805124282837,"orthographic":false}