{"cameraMode":{"drawMode":0,"name":"Shaded","section":"Shading Mode"},"sceneLighting":true,"audioPlay":false,"sceneViewState":{"showFog":true,"showMaterialUpdate":false,"showSkybox":true,"showFlares":true,"showImageEffects":true,"showParticleSystems":true},"in2DMode":false,"pivot":{"x":0.3982340693473816,"y":0.6968643069267273,"z":-6.364365577697754},"rotation":{"x":-0.07637456804513931,"y":-0.036506664007902148,"z":0.0028017032891511919,"w":-0.9964138865470886},"size":2.8845436573028566,"orthographic":false}