{"cameraMode":{"drawMode":0,"name":"Shaded","section":"Shading Mode"},"sceneLighting":true,"audioPlay":false,"sceneViewState":{"showFog":true,"showMaterialUpdate":false,"showSkybox":true,"showFlares":true,"showImageEffects":true,"showParticleSystems":true},"in2DMode":false,"pivot":{"x":-25.566543579101564,"y":-33.851348876953128,"z":73.00175476074219},"rotation":{"x":-0.28634265065193179,"y":0.1800222396850586,"z":-0.05477305129170418,"w":-0.9395403861999512},"size":72.06498718261719,"orthographic":false}