{"cameraMode":{"drawMode":0,"name":"Shaded","section":"Shading Mode"},"sceneLighting":true,"audioPlay":false,"sceneViewState":{"showFog":true,"showMaterialUpdate":false,"showSkybox":true,"showFlares":true,"showImageEffects":true,"showParticleSystems":true},"in2DMode":false,"pivot":{"x":-4.015572547912598,"y":-1.4471311569213868,"z":11.379324913024903},"rotation":{"x":-0.20304447412490846,"y":-0.11107046902179718,"z":0.02324879728257656,"w":-0.9726298451423645},"size":8.53956413269043,"orthographic":false}