{"cameraMode":{"drawMode":0,"name":"Shaded","section":"Shading Mode"},"sceneLighting":true,"audioPlay":false,"sceneViewState":{"showFog":true,"showMaterialUpdate":false,"showSkybox":true,"showFlares":true,"showImageEffects":true,"showParticleSystems":true},"in2DMode":false,"pivot":{"x":-3.087940216064453,"y":0.006606101989746094,"z":35.03723907470703},"rotation":{"x":-0.27456632256507876,"y":0.16379207372665406,"z":-0.04729181155562401,"w":-0.9464646577835083},"size":6.63039493560791,"orthographic":false}