{"cameraMode":{"drawMode":0,"name":"Shaded","section":"Shading Mode"},"sceneLighting":true,"audioPlay":false,"sceneViewState":{"showFog":true,"showMaterialUpdate":false,"showSkybox":true,"showFlares":true,"showImageEffects":true,"showParticleSystems":true},"in2DMode":false,"pivot":{"x":0.7213726043701172,"y":-9.008200645446778,"z":3.4090304374694826},"rotation":{"x":-0.3140701651573181,"y":-0.013400468043982983,"z":0.004458928480744362,"w":-0.94932621717453},"size":8.872284889221192,"orthographic":false}